{"stats":{"minecraft:used":{"minecraft:red_sand":1},"minecraft:mined":{"minecraft:red_sand":1,"minecraft:dead_bush":5},"minecraft:dropped":{"minecraft:stick":2},"minecraft:picked_up":{"minecraft:stick":4,"minecraft:red_sand":1},"minecraft:custom":{"minecraft:jump":37,"minecraft:time_since_rest":518,"minecraft:deaths":1,"minecraft:crouch_one_cm":172,"minecraft:leave_game":1,"minecraft:play_time":2702,"minecraft:sprint_one_cm":2711,"minecraft:damage_taken":370,"minecraft:time_since_death":487,"minecraft:walk_one_cm":1258,"minecraft:sneak_time":89,"minecraft:total_world_time":2702,"minecraft:drop":1,"minecraft:fall_one_cm":1103,"minecraft:fly_one_cm":11557}},"DataVersion":3953}